单品名称,平均值,标准差,最大值,最小值,偏度,峰度,样本数,变异系数
七彩椒(1),0.9267323943661973,1.4079955273955875,16.094,0.1,7.059166099879074,62.26981474295681,284,0.6647747470739934
七彩椒(2),1.4342364341085272,1.0552154860934875,5.841,0.129,1.2904546237484933,1.8648797975477738,258,0.823328766300102
七彩椒(份),1.8,0.9189365834726815,4.0,1.0,1.5464099015502875,1.3407202216066478,10,0.64
上海青,8.277210010881394,6.889792535277024,43.597,0.138,1.9175831844920765,4.60726933367273,919,5.079696270606858
上海青(份),10.696864111498257,10.211509202941036,118.0,1.0,4.690232710029687,41.37462870571965,287,6.629362988502954
东门口小白菜,3.548225287356322,2.5720329108996216,15.1,0.138,1.2744647824434754,1.4607361674988493,435,1.9969697767208345
丝瓜尖,0.7487894736842106,0.6403831820738587,3.013,0.26,2.7209499603658913,6.332802900787234,19,0.4130581717451523
云南油麦菜,13.17821483375959,10.931383764946116,76.615,0.158,1.7599496359882552,4.177280363024489,782,8.08031727291161
云南油麦菜(份),21.58048780487805,16.735965101505915,164.0,1.0,2.5591326616536225,13.727051953761812,410,12.100202260559213
云南生菜,19.642544444444443,13.004183089323329,76.379,0.187,1.046046158356228,1.2004706082574979,810,10.110201508916324
云南生菜(份),35.8125,23.77520756980827,151.0,1.0,1.0458774065105207,2.0499442689132286,400,17.843125
余干椒,1.6953500000000001,1.3262687778322433,4.609,0.172,0.9214127765247192,-0.33389934898987805,20,1.071885
保康高山大白菜,32.42368,23.170007893319386,138.485,1.0859999999999999,1.389360450255917,2.4170233554619553,200,17.628199200000008
冰草,0.961,0.9715094569791897,4.055,0.143,2.1772512492698146,4.058157704856416,17,0.663764705882353
冰草(盒),1.2608695652173914,0.4489777585448796,2.0,1.0,1.1666714304672272,-0.8137254901960782,23,0.385633270321361
净藕(1),25.68537369914853,20.213158031383767,157.132,0.223,1.3884793109306848,3.957408067214195,1057,15.786333452972427
净藕(2),7.777625,7.7695233341103815,25.154,1.426,1.9137219796275762,1.2314765079852208,8,5.552031249999999
净藕(3),4.982857142857143,3.0768649830994543,13.852,0.476,0.8810026415571586,0.5875773356296818,70,2.407644897959184
南瓜尖,4.607,1.7767860497726413,6.23,2.084,-1.368375131845767,-0.8762843694696252,4,1.2614999999999998
双孢菇,2.8023124999999998,1.3459348629369325,7.346,-0.325,0.7562276312058716,1.3448575462800214,224,0.9934620535714286
双孢菇(份),2.5,2.3804761428476167,6.0,1.0,1.779179400882648,-0.7820069204152249,4,1.75
双孢菇(盒),14.433447098976108,6.9769562529993845,57.0,1.0,1.4825405211650171,5.343001343985327,293,5.295926568742791
双沟白菜,1.4429999999999998,1.0196479784710013,2.1639999999999997,0.722,,-2.0,2,0.7209999999999999
和丰阳光海鲜菇(包),5.7368421052631575,3.2632993744089047,10.0,1.0,0.09054467082867877,-1.5362727722606573,19,2.9085872576177287
四川红香椿,2.2067748344370863,2.1990706678721823,12.849,0.125,2.7006023872992317,8.55208919063217,151,1.4249275908951367
圆茄子(1),1.6603333333333337,2.2713754276502454,4.283,0.33,1.7315054393395415,-1.5000000000000002,3,1.7484444444444447
圆茄子(2),2.0911956087824355,2.2098367500022875,18.819,0.301,3.175209270631325,13.867448695346756,501,1.4002184612810311
外地茼蒿,2.7234758364312266,1.8972673741865564,11.003,0.222,1.2030346920003596,2.225731699446804,269,1.5110472215696307
外地茼蒿(份),5.7727272727272725,3.5177349067914245,15.0,2.0,1.1966352283266954,0.49256303273436775,22,2.6611570247933884
大白菜,39.973370833333334,38.897864296417744,244.4,0.774,2.1530819564468917,5.345222969816339,480,27.96746144097227
大白菜秧,4.1345,2.7495620863451453,7.199,0.671,-0.3856936010722635,-1.1872028423243421,4,2.0215
大芥兰,3.74,1.706955769784326,4.947,2.533,,-2.0,2,1.207
大龙茄子,5.9249644670050765,4.987004423105909,34.276,0.292,1.736795842753189,4.89329763820211,197,3.813367878584867
奶白菜,7.632950131233596,4.84007904580615,36.049,0.025,1.6474966613525248,4.766806030225795,762,3.410078361267834
奶白菜(份),28.40573770491803,16.510731261172385,153.0,1.0,2.0213225208002568,12.131429375755342,244,11.99660709486697
奶白菜苗,4.20725,1.2741500107915078,5.0809999999999995,2.318,-1.8630905772702173,-0.7252164608090315,4,0.9446249999999999
姜蒜小米椒组合装(小份),5.103825136612022,3.617330675878843,25.0,1.0,1.479323006106249,3.156874387310835,366,2.7824658843202257
姬菇(1),1.2182532467532468,0.5961459177090376,4.185,0.131,0.9706117800248836,3.049475916571777,308,0.45281974194636526
姬菇(2),0.5137272727272727,0.3138203380048121,1.349,0.172,1.3657743605293426,1.026374342206922,33,0.23383471074380163
姬菇(份),6.82,4.409310626619563,21.0,1.0,0.7995493225468138,0.21531174634553318,100,3.5092000000000008
姬菇(包),2.9832869080779942,2.124543803446068,15.0,1.0,1.819906216014574,4.767626060836827,359,1.5375579022509167
娃娃菜,13.055232558139535,19.232126096239224,407.0,1.0,13.370503881549574,257.474841845336,688,8.424122836668468
小白菜,3.5717635983263594,2.486447011007142,11.493,0.193,0.5930282275559136,-0.6317289438674965,478,2.113968689273645
小白菜(份),7.25531914893617,3.7675276468584458,15.0,1.0,0.3987203072748517,-0.8470000824334738,47,3.0810321412403794
小皱皮,2.020246913580247,1.7402916388558571,7.579,0.084,1.1236061674926703,0.8369738994244988,81,1.3871135497637552
小皱皮(份),11.73469387755102,8.443119735736616,56.0,1.0,1.3544135491938838,2.5724430364984583,441,6.433615623119982
小米椒,2.4741076923076926,2.2825317415216246,30.453,0.019,5.7907609431578395,52.74405854403583,585,1.222293228139381
小米椒(份),22.19877049180328,14.965649872400313,210.0,1.0,4.471346150851841,49.644183716603976,488,10.141166689062088
小青菜(1),6.642262195121951,3.5012816237067796,24.301000000000002,0.21,0.9892967585100496,2.250666241135865,492,2.6393548235177446
小青菜(2),6.434782608695652,2.630185239890009,15.0,2.0,1.0421118405428096,1.0203406572828557,46,2.0945179584120983
小青菜(份),22.664804469273744,13.82228461826389,70.0,1.0,0.35798494490340155,-0.2723121392490442,179,11.245778845853762
平菇,7.02474861878453,4.907912310995571,45.035,0.117,1.8589161126099503,9.23609663836382,362,3.7200702969994826
快菜,9.1272,1.2417568915765183,10.315,6.0040000000000004,-1.9513479108122735,2.142171317275328,10,0.8263999999999999
春菜,1.1361818181818182,0.8666721045450446,4.021,0.316,1.8800688007405746,3.461991223283727,22,0.6565950413223142
木耳菜,3.7212351543942996,2.272301793818284,16.849,0.235,1.446754851928276,3.55980980363518,421,1.7007630063021542
木耳菜(份),1.08,0.2768874620972692,2.0,1.0,3.297525541044983,7.586956521739131,25,0.14720000000000005
本地上海青,9.781918032786885,5.66208279786123,27.89,0.388,0.9771512132928523,1.056187319700462,61,4.118873421123355
本地小毛白菜,2.5748936170212766,2.523682172110414,12.853,0.44099999999999995,2.0570133000151247,4.40132461019681,47,1.8088429153463104
本地黄心油菜,11.957582608695652,7.358073266329802,35.351,0.651,0.9936090306211482,0.7857264714056562,115,5.78674268431002
杏鲍菇(1),5.320745575221238,3.961888698219037,42.436,0.138,2.658772813255695,16.536447390112855,452,2.912143443104394
杏鲍菇(2),4.45239590443686,2.594965829792638,17.368,0.208,1.2123675000869338,2.9669097837751135,293,1.9589470349101321
杏鲍菇(250克),2.0,1.0,3.0,1.0,0.0,-1.7500000000000002,5,0.8
杏鲍菇(份),5.368421052631579,3.003896105537856,9.0,1.0,-0.27367149704083377,-1.5794027676681717,19,2.731301939058171
杏鲍菇(袋),4.107033639143731,7.625685893445304,111.0,1.0,10.35571578057923,129.62205273340888,327,2.906564168747497
枝江红菜苔,12.923057291666666,13.919004984989618,89.525,0.209,2.446417597860088,6.9903366670896325,384,9.407967013888886
枝江红菜苔(份),6.019230769230769,3.304722613706708,20.0,2.0,2.080865733371766,5.234188238234903,52,2.334319526627217
枝江青梗散花,17.274691394658753,10.213123881669924,47.649,0.277,0.6648976843671071,0.10646250669638713,337,8.106893324762911
槐花,0.465,0.39857100008061697,1.375,0.082,1.4573276109985864,0.5774348292119811,20,0.30200000000000005
水果辣椒,0.9523666666666667,0.5040088589350961,1.818,0.217,0.027814347310555897,-1.2247037430788623,30,0.42820888888888897
水果辣椒(份),3.3294117647058825,2.2005856108800503,9.0,1.0,0.6944077134322972,-0.3994666210627549,85,1.8779238754325256
水果辣椒(橙色),0.415,,0.415,0.415,,,1,0.0
油菜苔,2.2625555555555557,1.4550349590391785,4.872,0.501,0.5066187538217982,-1.1064409605181196,18,1.1995061728395062
泡泡椒(精品),42.557565789473685,20.038707691105568,144.05,0.175,1.6280684924905844,5.152787813454525,228,14.627588758079408
洪山菜苔,2.272727272727273,2.76010539983201,10.0,1.0,2.6182805593954406,3.8148250465650104,11,1.8512396694214879
洪山菜薹珍品手提袋,3.0,,3.0,3.0,,,1,0.0
洪山菜薹莲藕拼装礼盒,1.0,0.0,1.0,1.0,0.0,,3,0.0
洪湖莲藕(粉藕),15.399491094147583,16.48300608312308,131.0,1.0,3.48855099671564,16.548298043524593,393,10.256809691224916
洪湖莲藕(脆藕),3.3333333333333335,3.0251471289038414,12.0,1.0,2.407195053662293,3.8068067190035535,12,1.9444444444444444
洪湖藕带,2.8897441860465114,2.2068624179975416,11.218,0.21,1.2339678128815794,1.415826783036933,258,1.7610297458085458
活体银耳,1.0,,1.0,1.0,,,1,0.0
海鲜菇(1),1.540383435582822,0.8156320872523009,4.779,0.063,1.1357595917968002,2.30555199986057,326,0.600360231849147
海鲜菇(2),1.2068604651162789,0.7906122576656696,3.622,0.188,1.1361312378484778,0.9159712789222203,43,0.600023796646836
海鲜菇(份),8.030864197530864,5.383922280670504,37.0,1.0,1.4242929349498095,4.33874682601671,162,4.036960829141895
海鲜菇(包),10.949579831932773,6.0293754623535,25.0,1.0,0.44691697113908463,-0.5255672865204044,119,4.859261351599459
海鲜菇(袋)(1),7.3604651162790695,7.253009523695856,57.0,1.0,2.905584900970544,13.311731347340363,172,4.990805840995135
海鲜菇(袋)(2),13.882352941176471,7.726958156541368,40.0,2.0,1.1794493071166954,1.4395681758839087,51,6.057670126874278
海鲜菇(袋)(3),7.395833333333333,5.420168377834079,30.0,1.0,1.5288871271129627,3.041776632614395,240,4.143229166666666
海鲜菇(袋)(4),6.843949044585988,5.610166918517246,45.0,1.0,2.2084049246766333,7.838656327546481,314,4.017363787577592
灯笼椒(1),0.9771566820276498,0.8761136634381489,5.758,0.093,2.6973424787579288,9.661263755552055,217,0.5818573764573468
灯笼椒(2),0.7583762376237624,0.5423718070011595,3.4530000000000003,0.163,1.9689868635435845,5.586147798724721,101,0.394976766983629
灯笼椒(份),1.5,1.0,3.0,1.0,1.9999999999999998,-0.6666666666666665,4,0.75
牛排菇,0.6602,0.421538135878594,1.585,0.101,0.9929698809136791,0.43207928597928236,10,0.31023999999999996
牛排菇(盒),1.36,1.0754843869934452,4.0,-1.0,1.1596747882993812,1.6432201911817224,25,0.7359999999999998
牛首油菜,13.461635087719298,9.672629026738564,65.999,0.379,1.832238344092625,4.831556867362318,285,7.269505201600484
牛首生菜,8.82193137254902,5.0023780330301575,27.251,0.473,1.1710655036738113,1.6209107483184821,102,3.7412329873125714
猪肚菇(盒),1.1666666666666667,0.408248290463863,2.0,1.0,2.4494897427831774,1.1999999999999993,6,0.27777777777777785
猴头菇,1.0,0.0,1.0,1.0,0.0,,3,0.0
甘蓝叶,0.9430000000000001,,0.9430000000000001,0.9430000000000001,,,1,0.0
甜白菜,13.780179411764705,11.15645402822692,71.582,0.186,1.655292557273993,3.899174911859955,340,8.27545602076124
田七,0.47137500000000004,0.2822156790004485,1.239,0.056,0.9549570318047894,0.2954160601235638,96,0.22569531250000005
白玉菇(1),2.75,1.4880476182856899,5.0,1.0,0.21678113065556356,-1.3381893860561915,8,1.25
白玉菇(2),4.254237288135593,1.9171928143906498,8.0,1.0,-0.10274249763455746,-0.8095489298628991,59,1.571962079862109
白玉菇(盒),4.0,3.526900110613271,18.0,1.0,1.9648982910363697,4.377854671280278,42,2.619047619047619
白玉菇(袋),4.193409742120344,3.8914410893043465,48.0,1.0,4.168022291911038,31.40592178812191,698,2.4576193955714722
白菜苔,7.811695652173913,5.749158387980867,23.17,0.33499999999999996,0.8865004402867173,0.06039526829192621,92,4.59598393194707
白蒿,0.15885714285714286,0.06449550627501367,0.307,0.051,0.41334608382881055,0.3077223447530715,14,0.04904081632653061
秀珍菇,0.8651764705882353,0.5990959058546175,2.513,0.207,1.3964075389278372,1.3301901150282696,17,0.4554048442906575
竹叶菜,10.855718140929536,8.396472579917184,61.519,0.189,1.307666594683016,3.2628937348359353,667,6.559133415301346
竹叶菜(份),13.794871794871796,14.12316782679684,59.0,-1.0,1.1854458807008612,0.6081395474454219,78,11.675871137409596
紫圆茄,0.95725,0.738441360472951,2.525,0.219,1.5373720133388962,0.561259342134452,8,0.5510625
紫尖椒,0.877,0.7891311678041871,1.435,0.319,,-2.0,2,0.558
紫白菜(1),0.8834,0.5088410922310197,1.578,0.188,0.12267172512224717,-1.522811903769923,15,0.44754666666666665
紫白菜(2),0.3075,0.14212846301849602,0.408,0.207,,-1.9999999999999998,2,0.10049999999999999
紫苏,0.35919047619047617,0.2954860596956636,1.48,0.044,1.5739400293949297,2.778511285493459,84,0.22866439909297057
紫苏(份),1.2121212121212122,0.4846116845975598,3.0,1.0,2.3099048236436808,4.127926638917795,33,0.34710743801652894
紫茄子(1),6.753590909090909,8.141376040249748,51.508,0.347,4.0195337383393985,18.906715099027764,44,4.740588842975207
紫茄子(2),13.309198630136986,9.068831447350243,109.43,0.252,2.9497985500239214,18.888955940599118,1022,6.169441800927531
紫螺丝椒,0.6843,0.566337561294793,1.965,0.184,1.449992156859239,0.5242497926598926,10,0.44316000000000005
紫贝菜,0.5098490566037736,0.32489781803292317,1.482,0.136,1.248310949679337,1.1035049320204777,53,0.2532196511213955
红尖椒,1.3967929936305734,1.1510699086707288,7.756,0.069,1.9445669009066906,5.380216611062574,314,0.8341364761247925
红尖椒(份),3.8739837398373984,2.661205416558873,16.0,1.0,1.4977275039493374,2.4678207453998775,246,1.9897217264855576
红杭椒,1.12,1.2739692095370205,18.426,0.025,7.653997317364431,88.85970928538771,588,0.6807278911564624
红杭椒(份),3.6822916666666665,2.76062421015038,15.0,1.0,1.466731002463196,1.9987158835554606,192,2.102376302083338
红椒(1),4.579966887417219,9.52221992527311,113.844,0.158,8.389665492145655,79.06981718360943,755,3.316732616990486
红椒(2),2.670861111111111,1.769794226551789,12.32,0.146,1.7795064729340733,5.142088114393877,288,1.2858587962962975
红椒(份),3.4444444444444446,3.029766852331575,10.0,1.0,1.1700662479136952,-0.18662807028494832,27,2.4444444444444446
红橡叶,0.419,,0.419,0.419,,,1,0.0
红灯笼椒(1),1.0243088235294118,0.8911534257698512,7.187,0.119,2.793612545258901,12.483256820904757,272,0.613456206747405
红灯笼椒(2),1.1802747252747252,1.2072324778603136,9.534,0.147,3.428587696328543,16.261825637794466,182,0.765525178118585
红灯笼椒(份),1.625,0.7440238091428449,3.0,1.0,0.8237682964911416,-0.7388137356919877,8,0.625
红珊瑚(粗叶),0.682,,0.682,0.682,,,1,0.0
红线椒,0.86603125,0.6336400466111299,2.746,0.015,1.3689330362475136,1.485432300009749,32,0.4694765625
红莲藕带,1.0465520833333333,0.8766021466860331,4.739,0.07,1.9905417163123311,4.144595622563346,96,0.6088007812499999
红薯尖,9.0995291005291,7.9063747039867005,55.159,0.134,2.2244728553907924,7.190755935868241,567,5.735785690956776
红薯尖(份),12.53448275862069,9.27969962694721,35.0,1.0,0.42784297089460865,-0.6325157971042445,58,7.791914387633768
组合椒系列,3.6420454545454546,3.3674482612518024,31.0,1.0,3.793499487912239,24.425298214318044,176,2.2465779958677676
绣球菌,1.1666666666666667,0.408248290463863,2.0,1.0,2.4494897427831774,1.1999999999999993,6,0.27777777777777785
绣球菌(袋),1.0,0.0,1.0,1.0,,,2,0.0
绿牛油,1.153,,1.153,1.153,,,1,0.0
艾蒿,2.628,1.8057072483286614,4.874,0.636,0.3556307706389772,-1.2635873058068725,4,1.363
芜湖青椒(1),32.825560606060606,23.126367491367905,249.974,0.113,3.8360967858213835,24.60332912362397,858,14.566995832450374
芝麻苋菜,9.381,,9.381,9.381,,,1,0.0
芥兰,0.671,,0.671,0.671,,,1,0.0
芥菜,3.695357142857143,2.8632387419505543,10.388,0.115,0.7998534820669867,0.15161308080620373,14,2.210408163265306
花茄子,1.2515925925925926,1.3024060117507308,7.138,0.151,2.7467070486923633,8.097985642150462,81,0.8423950617283955
花菇(一人份),1.0,0.0,1.0,1.0,0.0,,3,0.0
苋菜,8.031592125984252,5.283431150435199,35.954,0.325,1.2804552781340168,2.8611297589393656,635,3.9207929369458703
苋菜(份),7.607142857142857,6.0352858527724536,25.0,1.0,0.9085237967902139,0.21665229410331888,56,4.914540816326529
茶树菇(袋),1.875,0.9812063786211382,4.0,1.0,0.8240381870310871,-0.48515002594548395,48,0.8020833333333334
茼蒿,7.996424124513619,5.277883836214915,43.262,0.251,1.86521174085998,6.283073833847405,514,3.8131073899680548
茼蒿(份),7.072289156626506,2.6447515099750185,14.0,1.0,-0.007038170253360329,-0.5519621942853545,83,2.2383509943388
荠菜,1.1347857142857143,0.731689528375298,2.588,0.094,0.4143847070484544,-0.4822970153168016,14,0.5348163265306124
荸荠,7.8470610328638495,8.085473597932355,63.326,0.161,3.057533233610994,13.856127870471397,213,5.379109656373297
荸荠(份),1.6666666666666667,0.816496580927726,3.0,1.0,0.8573214099741121,-0.9600000000000004,6,0.6666666666666666
莲蓬(个),24.36046511627907,18.6022849897518,80.0,1.0,1.1047328510629935,0.6774347296140877,86,14.994050838290963
菊花油菜,1.6944,1.7866066438922699,4.883,0.732,2.210218313198685,0.22715458380017273,5,1.27544
菌菇火锅套餐(份),2.0,1.1547005383792515,3.0,1.0,0.0,-2.0,4,1.0
菌蔬四宝(份),3.25,1.707825127659933,5.0,1.0,-0.7528371991317256,-1.1542857142857144,4,1.25
菜心,6.324496483825597,5.9042535717118545,52.276,0.217,3.0493654501911,14.500154129088944,711,3.929255746052091
菜心(份),7.465454545454546,6.162762503309405,72.0,1.0,4.5989952045066,42.25126226698384,275,4.139609917355369
菠菜,7.14583698630137,5.689379985265277,50.28,0.259,2.9812838481982293,13.42931175342392,730,3.61402546819291
菠菜(份),16.430051813471504,11.293787672756572,102.0,1.0,2.1999760481226005,10.146003874520185,386,8.096485811699655
菱角,1.2040190476190475,0.9621660157900985,4.837,0.122,1.6920229646321767,2.577327566817801,105,0.6914906122448979
萝卜叶,2.5324695121951217,2.011397464401551,11.585,0.241,1.5745276948537978,2.751091028331474,164,1.5212059785841754
蒲公英,0.23511111111111113,0.2320222831309119,0.9359999999999999,0.006,2.0793107507610995,2.9770187721449686,18,0.16571604938271606
蔡甸藜蒿,3.100907590759076,2.655318544772682,18.8,0.192,2.033003202354996,5.730274996586472,303,1.9262170811140509
蔡甸藜蒿(份),4.0625,2.434988021873345,11.0,1.0,1.6270928545413958,2.165864580930986,16,1.7109375
薄荷叶,0.2441290322580645,0.170089533664966,0.746,0.074,1.2564842091592043,0.7250797680682219,31,0.14093236212278876
藕尖,6.204666666666667,5.250040888729662,10.432,0.328,-1.2741790033722282,-1.5,3,3.917777777777778
虫草花,0.4875243902439024,0.3316347174490705,1.734,0.101,1.3049160285687125,2.1566659920996143,82,0.24893902439024396
虫草花(份),4.526530612244898,3.0922149410878474,28.0,1.0,2.734675312066317,14.536963460653137,245,2.135576842982086
虫草花(盒)(2),1.0,,1.0,1.0,,,1,0.0
虫草花(袋),6.9361702127659575,4.859765964320044,41.0,1.0,3.1461177609413813,17.016717629360798,141,3.189074996227554
螺丝椒,9.081796037296037,7.38410249069737,64.215,0.117,2.519836405630314,10.248451912399798,858,5.145016512624911
螺丝椒(份),21.55759162303665,15.728356205756297,79.0,1.0,0.7238481107842913,0.0832939412000071,382,12.829431758997769
蟹味菇(1),2.0,1.1489125293076055,5.0,1.0,0.9882701803792864,0.02066115702479321,51,0.9019607843137255
蟹味菇(2),2.96875,1.942468914518574,9.0,1.0,1.2861828946330711,1.337617734242043,32,1.46875
蟹味菇(盒),2.53125,1.5859132913693408,6.0,1.0,0.8448631881772882,-0.492793844201429,32,1.318359375
蟹味菇(袋),3.99,4.9369663117785585,30.0,-1.0,3.6432438016228867,14.430335298033988,100,2.7276000000000016
蟹味菇与白玉菇双拼(盒),2.708029197080292,1.9784150814314418,10.0,1.0,1.36799676598906,1.4193138648196495,137,1.5464862272896802
襄甜红菜苔(袋),5.857142857142857,8.970852271450605,26.0,1.0,2.5371320358071348,1.985262070655791,7,5.755102040816325
西兰花,25.592219330855016,15.759604313951364,152.132,0.632,1.9811859945422505,7.036156276367954,1076,11.362467316648488
西峡花菇(1),9.463690235690235,11.273877715689336,125.417,0.081,6.040762761926619,50.57177737743534,297,5.839933929644363
西峡花菇(2),0.924,0.8457705231194677,2.509,0.192,0.7662187255986531,-0.9431907342537946,10,0.709
西峡香菇(1),14.519155907429964,11.2233647838242,79.166,0.05,1.9985306199038582,5.382658549246434,821,7.9128944945485555
西峡香菇(2),5.997695652173913,5.8152570028289725,35.755,0.212,2.4594421676940432,8.595143198874895,69,4.058113421550093
西峡香菇(份) ,5.8307692307692305,5.737947234119399,34.0,1.0,2.724131988698266,8.972624650489154,65,3.7046153846153826
豌豆尖,2.1807179487179487,2.0298329066403205,7.924,0.098,1.4030022633516304,1.2845009479507556,39,1.5653307034845498
赤松茸,0.7959999999999999,0.39285238958163404,1.165,0.383,-0.4976836926078868,-1.5,3,0.2753333333333334
赤松茸(盒),1.0,0.0,1.0,1.0,0.0,,5,0.0
辣妹子,1.638972602739726,1.2281077356445878,7.4,0.107,1.755605733637906,4.932224730985208,73,0.9367622443235128
野生粉藕,2.2093478260869563,1.7770369262213295,6.210999999999999,0.165,0.9742720685581603,-0.009308469720100021,23,1.4079017013232513
野藕(1),2.736951219512195,1.9559119373858118,10.203,0.295,1.026847752156032,0.6599410642414671,164,1.5550612730517563
野藕(2),1.8996666666666666,1.46199229364134,4.561,0.494,1.4530202882293175,-0.10833690326198964,6,1.0642222222222222
金针菇(1),10.485424107142858,7.1522644444445325,71.46300000000001,0.151,3.8323592801427933,24.076728180683702,448,4.508146344866067
金针菇(2),5.31814606741573,3.0079571236916443,14.415,0.475,0.7610348347880177,0.3044124892187998,89,2.3567127887892942
金针菇(份),1.0,,1.0,1.0,,,1,0.0
金针菇(盒),36.354312354312356,33.09566085720458,281.0,1.0,3.267014942102374,16.463912378574996,429,21.82594095880817
金针菇(袋)(1),17.471544715447155,31.4948148746383,279.0,1.0,5.66478369917451,39.282182568297046,123,15.321435653380934
金针菇(袋)(2),14.767441860465116,11.371873010273674,77.0,1.0,2.3460257622122747,8.237936517183016,215,7.6923742563547925
金针菇(袋)(3),9.87984496124031,10.335100404203851,88.0,1.0,3.091198709241371,14.77638895010762,258,6.872363439697093
银耳(朵),2.0354609929078014,1.359681409730816,7.0,1.0,1.5780352547957437,2.1513154683638858,141,1.0026658618781763
长线茄,5.49870704845815,4.508605944034318,50.208,0.143,3.1618767047459717,22.25073111602592,454,3.165120340002716
随州泡泡青,4.755077464788733,4.290733869141807,28.465,0.361,2.7211048862226996,11.337639426664879,142,2.976774251140647
青尖椒,1.923064829821718,1.4261913221404459,12.215,0.044,1.7230975783096019,6.148098303583257,617,1.0769063146032603
青尖椒(份),4.829015544041451,3.184727154189528,22.0,1.0,1.6552033388591376,5.161312609350629,193,2.372036833203576
青杭椒(1),0.3634,0.09637842082126058,0.496,0.256,0.49762428180325197,-1.2967968486450807,5,0.07727999999999999
青杭椒(2),1.4277777777777778,1.1053391647650712,5.8149999999999995,0.075,1.4601802088192573,2.5665492213460688,90,0.8269506172839508
青杭椒(份),4.154545454545454,3.139527118124298,13.0,1.0,1.0702906198715259,0.2606935082964337,110,2.505785123966941
青梗散花,18.904923423423423,11.951770122626195,88.508,0.301,1.9280668988667127,7.168716611212783,444,8.377265116467816
青红尖椒组合装(份),1.875,1.3929168644626093,6.0,1.0,1.8213945489767673,2.0220323423487043,24,1.0208333333333333
青红杭椒组合装(份),5.5131578947368425,3.862710311806076,24.0,1.0,1.4145537230886363,2.963600976079391,228,2.945521698984303
青线椒,2.97159437751004,2.3677724801077242,29.197,0.093,4.889823272085611,44.30533356839632,747,1.486812578291749
青线椒(份),8.239285714285714,6.29358433557877,37.0,1.0,1.4425666449177177,2.972432124456052,280,4.880306122448972
青茄子(1),4.1618497041420115,4.247998767179976,34.252,0.229,2.334105931008144,7.322384500425285,845,2.976202323448059
青茄子(2),3.663884615384615,4.134176593237449,23.06,0.251,2.4738914771793388,7.734141475165085,52,2.9123920118343203
青菜苔,10.091666666666667,3.216801257978698,12.957,6.612,-0.8280502630006367,-1.5000000000000002,3,2.319777777777778
面条菜,0.392,0.3020300067874052,1.203,0.122,1.4563504694456133,0.8983059529072821,33,0.24327272727272733
马兰头,0.24214285714285716,0.1510607911979897,0.649,0.077,1.7482900453583288,1.9079660323750547,14,0.10389795918367349
马齿苋,1.0141397849462366,0.7271744840461464,4.011,0.151,1.6562214510203752,3.4570969821128283,93,0.5399377962770261
高瓜(1),2.1684779411764707,1.6250522608030913,10.501,0.157,1.7247347253409873,3.824576795020068,544,1.1865742592993074
高瓜(2),2.8282012578616356,2.3987638899535826,11.046,0.176,1.0283706746089787,0.15643697411716406,159,2.0228418179660608
鱼腥草,0.9226129032258065,0.6576339750661383,2.684,0.159,0.828990292306991,-0.11591682842561735,31,0.544955254942768
鱼腥草(份),3.6153846153846154,3.2166828100601834,22.0,1.0,2.5229043185709323,9.084549706125607,130,2.2804733727810675
鲜木耳(1),0.8419484126984127,0.6010533593238147,5.429,0.165,2.599658498874311,13.518492142806174,252,0.4251850277147898
鲜木耳(2),0.6959756097560975,0.42266662322715276,1.963,0.222,1.1737885438967284,0.5623060763353931,41,0.32587388459250455
鲜木耳(份),4.071428571428571,2.5770678320315636,19.0,1.0,1.8060537007027704,5.809356220345499,182,1.9073783359497627
鲜粽叶,0.6676666666666667,0.3424222539497105,1.395,0.172,0.9850495010771327,0.540532966935444,9,0.24103703703703705
鲜粽叶(袋)(1),28.571428571428573,58.131624046518034,160.0,1.0,2.612443227317464,2.1096208623090895,7,37.55102040816327
鲜粽叶(袋)(2),2.0,1.4142135623730951,4.0,1.0,1.414213562373095,-1.0,4,1.0
鲜粽叶(袋)(3),4.129032258064516,7.693035532150149,41.0,1.0,4.090945917251927,15.47771879964677,31,4.014568158168574
鲜粽子叶,0.79,0.4194404435844089,1.455,0.349,0.675591952765291,-1.1931051673486177,8,0.34125000000000005
鲜藕带(袋),3.0,2.0,7.0,1.0,1.4,0.5000000000000004,7,1.1428571428571428
鸡枞菌,0.40499999999999997,0.2224207724112116,0.584,0.156,-1.2759595243593962,-1.5000000000000002,3,0.16599999999999998
鹿茸菇(盒),1.5,0.7071067811865476,2.0,1.0,,-2.0,2,0.5
黄心菜(1),6.512973154362416,7.298986026648834,68.96,0.282,5.082191847724388,34.164750959874674,447,3.8898651712385317
黄心菜(2),8.442905829596413,6.782230653349687,46.499,0.21,1.9116294219516452,6.465008296794583,223,4.9858495847493405
黄白菜(1),2.2213714285714286,2.361775886552803,12.256,0.101,2.0886776962205578,4.574381491685599,70,1.6793240816326531
黄白菜(2),8.836272123893805,10.468528841603451,187.729,0.161,6.775523229509186,96.27985342120189,904,6.334479897603571
黄花菜,0.29733333333333334,0.23002231775779208,0.67,0.074,0.8814036369016722,-0.9555127037826345,6,0.17966666666666667
黑油菜,3.7453703703703702,5.571017709457431,29.631,0.253,4.145501072498842,15.683317953272475,27,2.8381042524005475
黑牛肝菌,0.36133333333333334,0.2396024485128091,0.638,0.222,1.7319150426747014,-1.5000000000000004,3,0.18444444444444444
黑牛肝菌(盒),1.3333333333333333,0.5773502691896258,2.0,1.0,1.7320508075688787,-1.4999999999999998,3,0.4444444444444444
黑皮鸡枞菌,0.3621875,0.2563368145624034,1.104,0.164,1.8890696192988161,2.3423273195793026,16,0.19388281250000003
黑皮鸡枞菌(盒),1.3333333333333333,0.5773502691896257,2.0,1.0,1.7320508075688785,-1.4999999999999993,3,0.4444444444444444
龙牙菜,2.9655714285714283,2.34515748638438,10.321,0.502,1.3213584051744915,0.916754514095838,63,1.8224489795918377
