,分类名称,日期,批发价格(元/千克)
0,水生根茎类,2020-07-01,8.820666666666666
1,水生根茎类,2020-07-02,7.458571428571429
2,水生根茎类,2020-07-03,5.61
3,水生根茎类,2020-07-04,14.190625
4,水生根茎类,2020-07-05,5.419999999999999
5,水生根茎类,2020-07-06,5.45
6,水生根茎类,2020-07-07,5.46
7,水生根茎类,2021-06-01,5.7620000000000005
8,水生根茎类,2021-06-02,4.920909090909091
9,水生根茎类,2021-06-03,5.107142857142857
10,水生根茎类,2021-06-04,6.2777419354838715
11,水生根茎类,2021-06-05,6.385813953488372
12,水生根茎类,2021-06-06,7.946000000000001
13,水生根茎类,2021-06-07,5.79
14,水生根茎类,2021-06-08,5.473684210526316
15,水生根茎类,2021-06-09,10.613
16,水生根茎类,2021-06-10,9.970333333333334
17,水生根茎类,2021-06-11,12.219047619047618
18,水生根茎类,2021-06-12,11.145625
19,水生根茎类,2021-06-13,12.008965517241379
20,水生根茎类,2021-06-14,13.866666666666667
21,水生根茎类,2021-06-15,14.544516129032258
22,水生根茎类,2021-06-16,8.155263157894737
23,水生根茎类,2021-06-17,9.461538461538462
24,水生根茎类,2021-06-18,13.3825
25,水生根茎类,2021-06-19,13.190303030303031
26,水生根茎类,2021-06-20,13.64111111111111
27,水生根茎类,2021-06-21,10.15448275862069
28,水生根茎类,2021-06-22,8.677297297297297
29,水生根茎类,2021-06-23,8.041818181818181
30,水生根茎类,2021-06-24,11.964705882352941
31,水生根茎类,2021-06-25,7.224516129032257
32,水生根茎类,2021-06-26,7.8394642857142856
33,水生根茎类,2021-06-27,9.386363636363637
34,水生根茎类,2021-06-28,7.3307692307692305
35,水生根茎类,2021-06-29,6.3428571428571425
36,水生根茎类,2021-06-30,10.022
37,水生根茎类,2021-07-01,8.558
38,水生根茎类,2021-07-02,9.16090909090909
39,水生根茎类,2021-07-03,9.339827586206898
40,水生根茎类,2021-07-04,8.492156862745098
41,水生根茎类,2021-07-05,8.164444444444444
42,水生根茎类,2021-07-06,7.635714285714285
43,水生根茎类,2021-07-07,10.031818181818181
44,水生根茎类,2022-06-01,16.94
45,水生根茎类,2022-06-02,15.435555555555554
46,水生根茎类,2022-06-03,13.118709677419355
47,水生根茎类,2022-06-04,15.638571428571428
48,水生根茎类,2022-06-05,13.9728
49,水生根茎类,2022-06-06,12.571428571428571
50,水生根茎类,2022-06-07,11.254615384615384
51,水生根茎类,2022-06-08,14.16
52,水生根茎类,2022-06-09,12.327142857142858
53,水生根茎类,2022-06-10,13.562272727272727
54,水生根茎类,2022-06-11,14.341666666666667
55,水生根茎类,2022-06-12,12.444285714285714
56,水生根茎类,2022-06-13,12.313333333333333
57,水生根茎类,2022-06-14,15.299000000000001
58,水生根茎类,2022-06-15,11.49625
59,水生根茎类,2022-06-16,13.117058823529412
60,水生根茎类,2022-06-17,12.25
61,水生根茎类,2022-06-18,12.887826086956522
62,水生根茎类,2022-06-19,15.471702127659574
63,水生根茎类,2022-06-20,17.007692307692306
64,水生根茎类,2022-06-21,12.825999999999999
65,水生根茎类,2022-06-22,15.47810810810811
66,水生根茎类,2022-06-23,13.657222222222222
67,水生根茎类,2022-06-24,11.497111111111112
68,水生根茎类,2022-06-25,10.786607142857141
69,水生根茎类,2022-06-26,12.439428571428572
70,水生根茎类,2022-06-27,11.611666666666666
71,水生根茎类,2022-06-28,13.114411764705881
72,水生根茎类,2022-06-29,14.2155
73,水生根茎类,2022-06-30,12.687333333333333
74,水生根茎类,2022-07-01,12.906829268292684
75,水生根茎类,2022-07-02,12.649199999999999
76,水生根茎类,2022-07-03,9.515217391304347
77,水生根茎类,2022-07-04,9.686136363636363
78,水生根茎类,2022-07-05,10.783529411764706
79,水生根茎类,2022-07-06,9.718135593220339
80,水生根茎类,2022-07-07,9.407878787878786
81,水生根茎类,2023-06-01,11.854347826086958
82,水生根茎类,2023-06-02,11.514800000000001
83,水生根茎类,2023-06-03,10.893709677419354
84,水生根茎类,2023-06-04,9.136595744680852
85,水生根茎类,2023-06-05,10.255
86,水生根茎类,2023-06-06,10.847333333333331
87,水生根茎类,2023-06-07,12.412
88,水生根茎类,2023-06-08,11.199166666666665
89,水生根茎类,2023-06-09,9.314390243902439
90,水生根茎类,2023-06-10,10.116666666666667
91,水生根茎类,2023-06-11,11.562549019607845
92,水生根茎类,2023-06-12,12.006111111111112
93,水生根茎类,2023-06-13,11.14225806451613
94,水生根茎类,2023-06-14,11.506666666666666
95,水生根茎类,2023-06-15,10.452
96,水生根茎类,2023-06-16,10.373589743589744
97,水生根茎类,2023-06-17,9.972068965517241
98,水生根茎类,2023-06-18,10.128214285714284
99,水生根茎类,2023-06-19,12.322272727272725
100,水生根茎类,2023-06-20,12.58
101,水生根茎类,2023-06-21,12.76112676056338
102,水生根茎类,2023-06-22,12.780227272727274
103,水生根茎类,2023-06-23,12.364
104,水生根茎类,2023-06-24,11.60025641025641
105,水生根茎类,2023-06-25,13.410697674418603
106,水生根茎类,2023-06-26,13.01391304347826
107,水生根茎类,2023-06-27,13.388510638297872
108,水生根茎类,2023-06-28,12.52972972972973
109,水生根茎类,2023-06-29,12.370000000000001
110,水生根茎类,2023-06-30,12.524313725490197
111,花叶类,2020-07-01,5.137370786516854
112,花叶类,2020-07-02,4.2373758865248226
113,花叶类,2020-07-03,4.4747044334975365
114,花叶类,2020-07-04,4.921863117870722
115,花叶类,2020-07-05,4.3685236220472445
116,花叶类,2020-07-06,5.077112171837709
117,花叶类,2020-07-07,4.950157068062827
118,花叶类,2021-06-01,3.64323717948718
119,花叶类,2021-06-02,3.5992125984251966
120,花叶类,2021-06-03,3.186655518394649
121,花叶类,2021-06-04,3.256679389312977
122,花叶类,2021-06-05,3.4212837837837835
123,花叶类,2021-06-06,3.092590909090909
124,花叶类,2021-06-07,3.4025000000000003
125,花叶类,2021-06-08,3.166
126,花叶类,2021-06-09,3.5175735294117647
127,花叶类,2021-06-10,3.4004868913857678
128,花叶类,2021-06-11,3.5966425992779785
129,花叶类,2021-06-12,3.564257206208426
130,花叶类,2021-06-13,3.3552954545454545
131,花叶类,2021-06-14,3.0624661246612463
132,花叶类,2021-06-15,3.1692222222222224
133,花叶类,2021-06-16,3.1508898305084747
134,花叶类,2021-06-17,2.923682170542636
135,花叶类,2021-06-18,3.2190909090909092
136,花叶类,2021-06-19,3.367577777777778
137,花叶类,2021-06-20,3.275505882352941
138,花叶类,2021-06-21,3.3423624595469255
139,花叶类,2021-06-22,3.171610486891386
140,花叶类,2021-06-23,3.7010810810810812
141,花叶类,2021-06-24,3.5638255033557047
142,花叶类,2021-06-25,3.771883116883117
143,花叶类,2021-06-26,3.86046511627907
144,花叶类,2021-06-27,3.7641885964912283
145,花叶类,2021-06-28,3.9811827956989245
146,花叶类,2021-06-29,3.6475409836065573
147,花叶类,2021-06-30,3.724148936170213
148,花叶类,2021-07-01,3.9464371257485036
149,花叶类,2021-07-02,3.802929292929293
150,花叶类,2021-07-03,3.7994675925925923
151,花叶类,2021-07-04,3.684420289855072
152,花叶类,2021-07-05,3.7883769633507858
153,花叶类,2021-07-06,3.7991428571428574
154,花叶类,2021-07-07,3.645205047318612
155,花叶类,2022-06-01,3.2135576923076923
156,花叶类,2022-06-02,2.6851020408163264
157,花叶类,2022-06-03,2.7690837696335078
158,花叶类,2022-06-04,2.55331914893617
159,花叶类,2022-06-05,2.8685042735042736
160,花叶类,2022-06-06,2.781784232365145
161,花叶类,2022-06-07,2.792719665271967
162,花叶类,2022-06-08,2.8704938271604936
163,花叶类,2022-06-09,2.332463768115942
164,花叶类,2022-06-10,2.3036363636363637
165,花叶类,2022-06-11,2.4535211267605637
166,花叶类,2022-06-12,2.589503916449086
167,花叶类,2022-06-13,2.8585258964143425
168,花叶类,2022-06-14,2.805303643724696
169,花叶类,2022-06-15,2.4865367965367966
170,花叶类,2022-06-16,2.7114000000000003
171,花叶类,2022-06-17,2.660197628458498
172,花叶类,2022-06-18,2.5775990675990674
173,花叶类,2022-06-19,2.5673945409429284
174,花叶类,2022-06-20,2.683632958801498
175,花叶类,2022-06-21,2.8823893805309737
176,花叶类,2022-06-22,2.7903347280334727
177,花叶类,2022-06-23,2.8998224852071006
178,花叶类,2022-06-24,2.811578947368421
179,花叶类,2022-06-25,3.081317365269461
180,花叶类,2022-06-26,2.876590257879656
181,花叶类,2022-06-27,3.110255319148936
182,花叶类,2022-06-28,2.9747260273972604
183,花叶类,2022-06-29,3.0752599388379207
184,花叶类,2022-06-30,3.2383333333333333
185,花叶类,2022-07-01,3.040896551724138
186,花叶类,2022-07-02,3.147686567164179
187,花叶类,2022-07-03,3.1772020725388597
188,花叶类,2022-07-04,3.3836940298507465
189,花叶类,2022-07-05,3.0105387205387206
190,花叶类,2022-07-06,3.036880733944954
191,花叶类,2022-07-07,3.1303146853146853
192,花叶类,2023-06-01,3.704736842105263
193,花叶类,2023-06-02,3.6094190871369296
194,花叶类,2023-06-03,3.6153412462908014
195,花叶类,2023-06-04,3.7354517133956384
196,花叶类,2023-06-05,3.878477366255144
197,花叶类,2023-06-06,3.7791627906976744
198,花叶类,2023-06-07,3.72755980861244
199,花叶类,2023-06-08,3.7921229050279326
200,花叶类,2023-06-09,3.815714285714286
201,花叶类,2023-06-10,4.052261580381471
202,花叶类,2023-06-11,4.025470588235295
203,花叶类,2023-06-12,3.8260989010989013
204,花叶类,2023-06-13,4.059019607843137
205,花叶类,2023-06-14,3.7481609195402297
206,花叶类,2023-06-15,3.430795454545455
207,花叶类,2023-06-16,3.4007619047619047
208,花叶类,2023-06-17,3.341240694789082
209,花叶类,2023-06-18,3.2252673796791442
210,花叶类,2023-06-19,3.1816019417475725
211,花叶类,2023-06-20,3.5293193717277487
212,花叶类,2023-06-21,3.0084615384615385
213,花叶类,2023-06-22,2.9158273381294966
214,花叶类,2023-06-23,3.104076923076923
215,花叶类,2023-06-24,3.4532539682539682
216,花叶类,2023-06-25,3.4539655172413792
217,花叶类,2023-06-26,3.605833333333333
218,花叶类,2023-06-27,3.2768877551020408
219,花叶类,2023-06-28,3.345
220,花叶类,2023-06-29,3.2006
221,花叶类,2023-06-30,2.980154639175258
222,花菜类,2020-07-01,8.484368932038835
223,花菜类,2020-07-02,7.832631578947368
224,花菜类,2020-07-03,7.583333333333333
225,花菜类,2020-07-04,8.220476190476191
226,花菜类,2020-07-05,8.442075471698113
227,花菜类,2020-07-06,7.946046511627907
228,花菜类,2020-07-07,7.280824742268042
229,花菜类,2021-06-01,5.035119047619047
230,花菜类,2021-06-02,4.140789473684211
231,花菜类,2021-06-03,4.607391304347826
232,花菜类,2021-06-04,4.949565217391305
233,花菜类,2021-06-05,4.848018867924528
234,花菜类,2021-06-06,4.70625
235,花菜类,2021-06-07,4.7690909090909095
236,花菜类,2021-06-08,4.5632558139534884
237,花菜类,2021-06-09,4.974347826086956
238,花菜类,2021-06-10,4.350769230769231
239,花菜类,2021-06-11,4.78875
240,花菜类,2021-06-12,5.518415841584159
241,花菜类,2021-06-13,6.154918032786885
242,花菜类,2021-06-14,5.708115942028986
243,花菜类,2021-06-15,5.191666666666666
244,花菜类,2021-06-16,5.2387500000000005
245,花菜类,2021-06-17,5.8500000000000005
246,花菜类,2021-06-18,5.508461538461539
247,花菜类,2021-06-19,5.465921052631579
248,花菜类,2021-06-20,5.44676923076923
249,花菜类,2021-06-21,5.554464285714286
250,花菜类,2021-06-22,5.7346
251,花菜类,2021-06-23,5.889396551724138
252,花菜类,2021-06-24,5.894153846153846
253,花菜类,2021-06-25,5.897142857142857
254,花菜类,2021-06-26,6.184295302013422
255,花菜类,2021-06-27,5.897345132743363
256,花菜类,2021-06-28,5.6936708860759495
257,花菜类,2021-06-29,5.882191780821918
258,花菜类,2021-06-30,5.778181818181818
259,花菜类,2021-07-01,5.8306249999999995
260,花菜类,2021-07-02,5.529107142857143
261,花菜类,2021-07-03,5.296808510638297
262,花菜类,2021-07-04,4.984883720930233
263,花菜类,2021-07-05,4.746141732283465
264,花菜类,2021-07-06,5.0874999999999995
265,花菜类,2021-07-07,4.976744186046512
266,花菜类,2022-06-01,5.72
267,花菜类,2022-06-02,5.799999999999999
268,花菜类,2022-06-03,5.84
269,花菜类,2022-06-04,6.2
270,花菜类,2022-06-05,6.259999999999999
271,花菜类,2022-06-06,6.459999999999999
272,花菜类,2022-06-07,6.54
273,花菜类,2022-06-08,6.73
274,花菜类,2022-06-09,6.51
275,花菜类,2022-06-10,6.27
276,花菜类,2022-06-11,6.45
277,花菜类,2022-06-12,6.71
278,花菜类,2022-06-13,6.24
279,花菜类,2022-06-14,6.35
280,花菜类,2022-06-15,6.35
281,花菜类,2022-06-16,6.43
282,花菜类,2022-06-17,6.44
283,花菜类,2022-06-18,6.08
284,花菜类,2022-06-19,6.07
285,花菜类,2022-06-20,6.07
286,花菜类,2022-06-21,5.91
287,花菜类,2022-06-22,6.0
288,花菜类,2022-06-23,5.97
289,花菜类,2022-06-24,5.05
290,花菜类,2022-06-25,5.19
291,花菜类,2022-06-26,4.96
292,花菜类,2022-06-27,4.94
293,花菜类,2022-06-28,5.75
294,花菜类,2022-06-29,5.322027027027027
295,花菜类,2022-06-30,5.450722891566265
296,花菜类,2022-07-01,5.884385964912281
297,花菜类,2022-07-02,5.766930693069307
298,花菜类,2022-07-03,6.104086021505377
299,花菜类,2022-07-04,6.27
300,花菜类,2022-07-05,5.872933333333334
301,花菜类,2022-07-06,5.865964912280702
302,花菜类,2022-07-07,5.677931034482758
303,花菜类,2023-06-01,9.939148936170215
304,花菜类,2023-06-02,10.248367346938776
305,花菜类,2023-06-03,9.97
306,花菜类,2023-06-04,9.754761904761905
307,花菜类,2023-06-05,9.444999999999999
308,花菜类,2023-06-06,9.919056603773585
309,花菜类,2023-06-07,9.94
310,花菜类,2023-06-08,10.112285714285715
311,花菜类,2023-06-09,10.548461538461538
312,花菜类,2023-06-10,10.421333333333335
313,花菜类,2023-06-11,10.010535714285714
314,花菜类,2023-06-12,9.229444444444445
315,花菜类,2023-06-13,10.36
316,花菜类,2023-06-14,10.318571428571428
317,花菜类,2023-06-15,10.275
318,花菜类,2023-06-16,9.171860465116279
319,花菜类,2023-06-17,9.87
320,花菜类,2023-06-18,9.785098039215686
321,花菜类,2023-06-19,9.56
322,花菜类,2023-06-20,9.430000000000001
323,花菜类,2023-06-21,9.37
324,花菜类,2023-06-22,9.2
325,花菜类,2023-06-23,9.27
326,花菜类,2023-06-24,8.637777777777778
327,花菜类,2023-06-25,8.15
328,花菜类,2023-06-26,7.94
329,花菜类,2023-06-27,7.8
330,花菜类,2023-06-28,7.7958333333333325
331,花菜类,2023-06-29,8.036153846153846
332,花菜类,2023-06-30,7.904754098360656
333,茄类,2020-07-01,4.259333333333333
334,茄类,2020-07-02,2.5092857142857143
335,茄类,2020-07-03,4.421052631578947
336,茄类,2020-07-04,3.266868686868687
337,茄类,2020-07-05,4.341261261261261
338,茄类,2020-07-06,3.5412280701754386
339,茄类,2020-07-07,3.4482142857142857
340,茄类,2021-06-01,2.6710204081632654
341,茄类,2021-06-02,3.302222222222222
342,茄类,2021-06-03,3.526521739130435
343,茄类,2021-06-04,3.5114705882352943
344,茄类,2021-06-05,3.8256716417910446
345,茄类,2021-06-06,3.9166101694915256
346,茄类,2021-06-07,2.645
347,茄类,2021-06-08,3.26125
348,茄类,2021-06-09,2.869189189189189
349,茄类,2021-06-10,2.8587234042553193
350,茄类,2021-06-11,1.8623333333333332
351,茄类,2021-06-12,3.4706315789473683
352,茄类,2021-06-13,2.8787142857142856
353,茄类,2021-06-14,3.3409722222222222
354,茄类,2021-06-15,3.513684210526316
355,茄类,2021-06-16,3.1412820512820514
356,茄类,2021-06-17,3.2034545454545453
357,茄类,2021-06-18,3.2072
358,茄类,2021-06-19,2.869016393442623
359,茄类,2021-06-20,3.1184552845528453
360,茄类,2021-06-21,2.5705405405405406
361,茄类,2021-06-22,2.6734545454545455
362,茄类,2021-06-23,2.7510869565217395
363,茄类,2021-06-24,2.998888888888889
364,茄类,2021-06-25,2.9029166666666666
365,茄类,2021-06-26,2.80140625
366,茄类,2021-06-27,3.9641538461538466
367,茄类,2021-06-28,3.52325
368,茄类,2021-06-29,3.112727272727273
369,茄类,2021-06-30,3.1477551020408163
370,茄类,2021-07-01,2.9293478260869565
371,茄类,2021-07-02,2.68
372,茄类,2021-07-03,3.170897435897436
373,茄类,2021-07-04,3.017605633802817
374,茄类,2021-07-05,2.580344827586207
375,茄类,2021-07-06,2.6338
376,茄类,2021-07-07,2.5493939393939393
377,茄类,2022-06-01,4.0089999999999995
378,茄类,2022-06-02,4.0518965517241385
379,茄类,2022-06-03,3.9076422764227643
380,茄类,2022-06-04,3.0814473684210526
381,茄类,2022-06-05,2.9513698630136984
382,茄类,2022-06-06,3.0147999999999997
383,茄类,2022-06-07,3.6779166666666665
384,茄类,2022-06-08,3.20921568627451
385,茄类,2022-06-09,3.135409836065574
386,茄类,2022-06-10,3.5795890410958906
387,茄类,2022-06-11,3.7702105263157897
388,茄类,2022-06-12,3.3798924731182796
389,茄类,2022-06-13,3.045901639344262
390,茄类,2022-06-14,3.7
391,茄类,2022-06-15,3.9752941176470586
392,茄类,2022-06-16,3.660983606557377
393,茄类,2022-06-17,4.472463768115942
394,茄类,2022-06-18,4.8255681818181815
395,茄类,2022-06-19,4.315802469135802
396,茄类,2022-06-20,3.9717857142857143
397,茄类,2022-06-21,4.781538461538461
398,茄类,2022-06-22,4.8315
399,茄类,2022-06-23,4.21625
400,茄类,2022-06-24,4.697333333333333
401,茄类,2022-06-25,4.673448275862069
402,茄类,2022-06-26,5.0612121212121215
403,茄类,2022-06-27,5.390888888888889
404,茄类,2022-06-28,5.282413793103448
405,茄类,2022-06-29,4.99037037037037
406,茄类,2022-06-30,4.423846153846154
407,茄类,2022-07-01,4.396571428571429
408,茄类,2022-07-02,3.9395918367346936
409,茄类,2022-07-03,4.186774193548388
410,茄类,2022-07-04,3.683529411764706
411,茄类,2022-07-05,3.5812903225806454
412,茄类,2022-07-06,3.531
413,茄类,2022-07-07,3.8080645161290327
414,茄类,2023-06-01,6.039333333333334
415,茄类,2023-06-02,5.96
416,茄类,2023-06-03,5.514025974025974
417,茄类,2023-06-04,5.627368421052632
418,茄类,2023-06-05,5.292380952380952
419,茄类,2023-06-06,5.24125
420,茄类,2023-06-07,5.3697368421052625
421,茄类,2023-06-08,5.780188679245283
422,茄类,2023-06-09,5.621860465116279
423,茄类,2023-06-10,5.616538461538462
424,茄类,2023-06-11,5.775063291139241
425,茄类,2023-06-12,5.645
426,茄类,2023-06-13,5.504
427,茄类,2023-06-14,4.770178571428572
428,茄类,2023-06-15,5.497428571428571
429,茄类,2023-06-16,5.229423076923077
430,茄类,2023-06-17,4.696086956521739
431,茄类,2023-06-18,4.626216216216216
432,茄类,2023-06-19,4.963333333333333
433,茄类,2023-06-20,4.522045454545455
434,茄类,2023-06-21,4.617272727272727
435,茄类,2023-06-22,5.443015873015874
436,茄类,2023-06-23,4.838823529411765
437,茄类,2023-06-24,4.859298245614036
438,茄类,2023-06-25,4.275555555555556
439,茄类,2023-06-26,4.181351351351352
440,茄类,2023-06-27,4.935238095238096
441,茄类,2023-06-28,5.025862068965517
442,茄类,2023-06-29,4.920869565217391
443,茄类,2023-06-30,4.934468085106383
444,辣椒类,2020-07-01,6.3725096525096525
445,辣椒类,2020-07-02,6.779646017699116
446,辣椒类,2020-07-03,7.122731277533039
447,辣椒类,2020-07-04,6.454505119453925
448,辣椒类,2020-07-05,6.5725
449,辣椒类,2020-07-06,6.920896860986548
450,辣椒类,2020-07-07,7.566178010471203
451,辣椒类,2021-06-01,3.3657635467980294
452,辣椒类,2021-06-02,3.1902597402597404
453,辣椒类,2021-06-03,3.7867164179104478
454,辣椒类,2021-06-04,3.9941206030150758
455,辣椒类,2021-06-05,3.701622641509434
456,辣椒类,2021-06-06,3.527765567765568
457,辣椒类,2021-06-07,3.602355769230769
458,辣椒类,2021-06-08,3.885690607734807
459,辣椒类,2021-06-09,3.79748502994012
460,辣椒类,2021-06-10,3.55777108433735
461,辣椒类,2021-06-11,3.4892118226600988
462,辣椒类,2021-06-12,3.7249056603773587
463,辣椒类,2021-06-13,3.78452380952381
464,辣椒类,2021-06-14,3.984083333333333
465,辣椒类,2021-06-15,3.8926666666666665
466,辣椒类,2021-06-16,3.739030303030303
467,辣椒类,2021-06-17,3.2997590361445783
468,辣椒类,2021-06-18,3.248940397350993
469,辣椒类,2021-06-19,4.103823529411764
470,辣椒类,2021-06-20,3.6457200000000003
471,辣椒类,2021-06-21,3.640057803468208
472,辣椒类,2021-06-22,3.8709375
473,辣椒类,2021-06-23,3.6839285714285714
474,辣椒类,2021-06-24,3.897547169811321
475,辣椒类,2021-06-25,3.6115503875968993
476,辣椒类,2021-06-26,3.589375
477,辣椒类,2021-06-27,3.621853281853282
478,辣椒类,2021-06-28,3.7179220779220774
479,辣椒类,2021-06-29,4.305
480,辣椒类,2021-06-30,4.17972027972028
481,辣椒类,2021-07-01,4.089895833333333
482,辣椒类,2021-07-02,4.726033519553073
483,辣椒类,2021-07-03,4.448424908424909
484,辣椒类,2021-07-04,4.6172906403940885
485,辣椒类,2021-07-05,4.6905882352941175
486,辣椒类,2021-07-06,4.4605084745762715
487,辣椒类,2021-07-07,4.590492957746479
488,辣椒类,2022-06-01,3.5100917431192658
489,辣椒类,2022-06-02,3.5436496350364965
490,辣椒类,2022-06-03,4.016341463414634
491,辣椒类,2022-06-04,3.570403225806452
492,辣椒类,2022-06-05,3.3146666666666667
493,辣椒类,2022-06-06,3.6843965517241384
494,辣椒类,2022-06-07,3.4382051282051282
495,辣椒类,2022-06-08,3.4523529411764704
496,辣椒类,2022-06-09,3.529098360655738
497,辣椒类,2022-06-10,3.3334545454545457
498,辣椒类,2022-06-11,3.1682352941176473
499,辣椒类,2022-06-12,2.8672340425531915
500,辣椒类,2022-06-13,3.6379999999999995
501,辣椒类,2022-06-14,3.6081052631578947
502,辣椒类,2022-06-15,3.2044660194174757
503,辣椒类,2022-06-16,3.3688188976377957
504,辣椒类,2022-06-17,3.5445528455284556
505,辣椒类,2022-06-18,5.215596330275229
506,辣椒类,2022-06-19,5.453965517241379
507,辣椒类,2022-06-20,4.1091596638655465
508,辣椒类,2022-06-21,3.8817391304347826
509,辣椒类,2022-06-22,3.947473684210526
510,辣椒类,2022-06-23,3.778837209302326
511,辣椒类,2022-06-24,3.3548453608247426
512,辣椒类,2022-06-25,3.929090909090909
513,辣椒类,2022-06-26,4.418849557522123
514,辣椒类,2022-06-27,4.360361445783133
515,辣椒类,2022-06-28,4.295061728395061
516,辣椒类,2022-06-29,5.974428571428572
517,辣椒类,2022-06-30,5.398000000000001
518,辣椒类,2022-07-01,8.010113636363636
519,辣椒类,2022-07-02,9.259736842105262
520,辣椒类,2022-07-03,8.647361963190184
521,辣椒类,2022-07-04,8.277852348993289
522,辣椒类,2022-07-05,8.105503355704698
523,辣椒类,2022-07-06,9.139112426035503
524,辣椒类,2022-07-07,9.56625
525,辣椒类,2023-06-01,4.264036697247706
526,辣椒类,2023-06-02,4.872203389830508
527,辣椒类,2023-06-03,4.585566502463054
528,辣椒类,2023-06-04,4.292010050251256
529,辣椒类,2023-06-05,4.331897810218979
530,辣椒类,2023-06-06,4.405608108108108
531,辣椒类,2023-06-07,4.783032786885245
532,辣椒类,2023-06-08,4.936453900709219
533,辣椒类,2023-06-09,4.856999999999999
534,辣椒类,2023-06-10,4.404454148471616
535,辣椒类,2023-06-11,4.797079207920792
536,辣椒类,2023-06-12,4.845909090909091
537,辣椒类,2023-06-13,4.298560606060605
538,辣椒类,2023-06-14,4.721893939393939
539,辣椒类,2023-06-15,5.014563106796117
540,辣椒类,2023-06-16,4.606323529411765
541,辣椒类,2023-06-17,3.9873622047244095
542,辣椒类,2023-06-18,4.258201754385965
543,辣椒类,2023-06-19,4.365801526717557
544,辣椒类,2023-06-20,4.742272727272727
545,辣椒类,2023-06-21,3.323467741935484
546,辣椒类,2023-06-22,4.27005617977528
547,辣椒类,2023-06-23,4.196715328467153
548,辣椒类,2023-06-24,4.602682926829268
549,辣椒类,2023-06-25,4.057889908256881
550,辣椒类,2023-06-26,4.482173913043478
551,辣椒类,2023-06-27,4.752592592592593
552,辣椒类,2023-06-28,4.677547169811321
553,辣椒类,2023-06-29,4.62223880597015
554,辣椒类,2023-06-30,4.670530303030303
555,食用菌,2020-07-01,7.314916666666666
556,食用菌,2020-07-02,7.8719375
557,食用菌,2020-07-03,8.120671140939598
558,食用菌,2020-07-04,8.500233918128655
559,食用菌,2020-07-05,7.70792270531401
560,食用菌,2020-07-06,8.557883211678833
561,食用菌,2020-07-07,8.3636
562,食用菌,2021-06-01,9.4495
563,食用菌,2021-06-02,8.266833333333333
564,食用菌,2021-06-03,9.18462962962963
565,食用菌,2021-06-04,7.69953488372093
566,食用菌,2021-06-05,7.0280645161290325
567,食用菌,2021-06-06,8.165638297872341
568,食用菌,2021-06-07,8.170740740740742
569,食用菌,2021-06-08,9.104673913043479
570,食用菌,2021-06-09,9.285729166666666
571,食用菌,2021-06-10,9.462637362637363
572,食用菌,2021-06-11,10.029313725490196
573,食用菌,2021-06-12,9.727989417989418
574,食用菌,2021-06-13,9.567901785714286
575,食用菌,2021-06-14,8.751079545454546
576,食用菌,2021-06-15,7.646777777777778
577,食用菌,2021-06-16,6.985569620253164
578,食用菌,2021-06-17,8.360135135135135
579,食用菌,2021-06-18,7.904382022471911
580,食用菌,2021-06-19,8.605575221238938
581,食用菌,2021-06-20,9.845769230769232
582,食用菌,2021-06-21,10.041176470588235
583,食用菌,2021-06-22,8.698915662650602
584,食用菌,2021-06-23,9.342545454545455
585,食用菌,2021-06-24,8.925656565656565
586,食用菌,2021-06-25,9.4212
587,食用菌,2021-06-26,9.444968152866242
588,食用菌,2021-06-27,10.36654970760234
589,食用菌,2021-06-28,9.73920353982301
590,食用菌,2021-06-29,10.063563218390804
591,食用菌,2021-06-30,8.88364406779661
592,食用菌,2021-07-01,9.519183673469387
593,食用菌,2021-07-02,9.16876404494382
594,食用菌,2021-07-03,10.092608695652174
595,食用菌,2021-07-04,9.472945736434108
596,食用菌,2021-07-05,9.872479338842975
597,食用菌,2021-07-06,10.22102564102564
598,食用菌,2021-07-07,10.246842105263159
599,食用菌,2022-06-01,8.99955223880597
600,食用菌,2022-06-02,9.004
601,食用菌,2022-06-03,8.272450980392156
602,食用菌,2022-06-04,7.303255813953488
603,食用菌,2022-06-05,8.07695652173913
604,食用菌,2022-06-06,9.319636363636363
605,食用菌,2022-06-07,7.742978723404255
606,食用菌,2022-06-08,8.643584905660376
607,食用菌,2022-06-09,9.196923076923076
608,食用菌,2022-06-10,9.157407407407407
609,食用菌,2022-06-11,9.510133333333334
610,食用菌,2022-06-12,8.352209302325582
611,食用菌,2022-06-13,8.402580645161288
612,食用菌,2022-06-14,10.213513513513513
613,食用菌,2022-06-15,8.906170212765957
614,食用菌,2022-06-16,7.728235294117646
615,食用菌,2022-06-17,8.071166666666667
616,食用菌,2022-06-18,7.773874999999999
617,食用菌,2022-06-19,7.807894736842105
618,食用菌,2022-06-20,9.041384615384617
619,食用菌,2022-06-21,7.816
620,食用菌,2022-06-22,8.744807692307692
621,食用菌,2022-06-23,7.411224489795918
622,食用菌,2022-06-24,8.309259259259258
623,食用菌,2022-06-25,6.945526315789474
624,食用菌,2022-06-26,6.983456790123457
625,食用菌,2022-06-27,8.474615384615385
626,食用菌,2022-06-28,7.147049180327868
627,食用菌,2022-06-29,8.434666666666667
628,食用菌,2022-06-30,7.334754098360655
629,食用菌,2022-07-01,6.512236842105263
630,食用菌,2022-07-02,8.984418604651163
631,食用菌,2022-07-03,7.750563380281689
632,食用菌,2022-07-04,9.71
633,食用菌,2022-07-05,7.545624999999999
634,食用菌,2022-07-06,8.985000000000001
635,食用菌,2022-07-07,9.180483870967741
636,食用菌,2023-06-01,5.941186440677965
637,食用菌,2023-06-02,5.796888888888889
638,食用菌,2023-06-03,6.41625
639,食用菌,2023-06-04,5.439579831932773
640,食用菌,2023-06-05,6.420151515151516
641,食用菌,2023-06-06,5.289285714285715
642,食用菌,2023-06-07,6.713968253968254
643,食用菌,2023-06-08,5.66625
644,食用菌,2023-06-09,4.817727272727273
645,食用菌,2023-06-10,5.571370967741935
646,食用菌,2023-06-11,5.787979797979798
647,食用菌,2023-06-12,7.567547169811321
648,食用菌,2023-06-13,7.066184210526315
649,食用菌,2023-06-14,7.087049180327869
650,食用菌,2023-06-15,7.545102040816326
651,食用菌,2023-06-16,5.910405405405405
652,食用菌,2023-06-17,7.11476923076923
653,食用菌,2023-06-18,8.268392857142857
654,食用菌,2023-06-19,8.109552238805971
655,食用菌,2023-06-20,7.0488679245283015
656,食用菌,2023-06-21,5.30948051948052
657,食用菌,2023-06-22,7.881842105263158
658,食用菌,2023-06-23,6.335479452054795
659,食用菌,2023-06-24,7.570375
660,食用菌,2023-06-25,7.596153846153846
661,食用菌,2023-06-26,7.294035087719298
662,食用菌,2023-06-27,7.402807017543859
663,食用菌,2023-06-28,6.268194444444444
664,食用菌,2023-06-29,6.511515151515152
665,食用菌,2023-06-30,9.240144927536232
